"ProductID","Name","Filename","Preview Image","Branding Patch","Extra Stock","Livery Pack"
"2","Lighting Effects Enhancement Pack","AP_Lighting_Effects_Enhancement_Pack.zip","APLEE_Cover-238x294.png",,,
"3","BAA/BZA Wagon Pack","AP_BAA-BZA_Wagon_Pack.zip","APBAA-BZA_Cover-238x294.png",,"BAA-BZA_Wagon_Pack_Extra_Stock.zip",
"9","Station Lighting Enhancement Pack (UK DLC)","AP_Station_Lighting_Enhancement_Pack_(UK_DLC).zip","APSLP2_Cover-238x294.png",,,
"18","Class 37 Sound Pack (Pro)","AP_Class_37_Sound_Pack_(Pro).zip","APC37SPP_Cover-238x294.png",,"Class_37_Sound_Pack_(Pro)_Extra_Stock.zip",
"22","Class 421 Sound Pack","AP_Class_421_Sound_Pack.zip","APC421-423SP_Cover-238x294.png",,,
"25","Class 50 Sound Pack (Pro)","AP_Class_50_Sound_Pack_RW.zip","APC50SP_Cover-238x294.png",,,
"30","HHA Wagon Pack","AP_HHA_Wagon_Pack.zip","APHHA_Cover-238x294.png",,"HHA_Wagon_Pack_Extra_Stock.zip",
"31","HIA Wagon Pack","AP_HIA_Wagon_Pack.zip","APHIA_Cover-238x294.png",,"HIA_Wagon_Pack_Extra_Stock.zip",
"36","MK3 Coach Sound Pack","AP_Mk3_Coach_Sound_Pack_RW.zip","APMK3SP_Cover-238x294.png",,,
"82","JHA Wagon Pack","AP_JHA_Wagon_Pack.zip","APJHA_Cover-238x294.png","AP_JHA_Logo_Patch.zip","JHA_Wagon_Pack_Extra_Stock.zip",
"97","Class 142 Diesel Multiple Unit Pack","AP_Class_142_DMU_Pack.zip","APC142_Cover-238x294.png",,"Class_142_DMU_Pack_Extra_Stock.zip",
"100","Class 47 Sound Pack (Pro)","AP_Class_47_Sound_Pack_(Pro).zip","APC47SPP_Cover-238x294.png",,"Class_47_Sound_Pack_(Pro)_Extra_Stock.zip",
"101","Class 33 Sound Pack (Pro)","AP_Class_33_Sound_Pack_(Pro).zip","APC33SPP_Cover-238x294.png",,"Class_33_Sound_Pack_(Pro)_Extra_Stock.zip",
"106","Class 55 Sound Pack (Pro)","AP_Class_55_Sound_Pack_(Pro).zip","APC55SPP_Cover-238x294.png",,"Class_55_Sound_Pack_(Pro)_Extra_Stock.zip",
"107","Class 20 Sound Pack (Pro)","AP_Class_20_Sound_Pack_(Pro).zip","APC20SPP_Cover-238x294.png",,"Class_20_Sound_Pack_(Pro)_Extra_Stock.zip",
"112","JXA/POA Wagon Pack","AP_JXA-POA_Wagon_Pack.zip","APJXA-POA_Cover-238x294.png","AP_JXA-POA_Wagon_Pack_Branding_Patch.zip","JXA-POA_Wagon_Pack_Extra_Stock.zip",
"114","Class 220/221/222 Sound Pack (Pro)","AP_Class_220-221_Sound_Pack_(Pro).zip","APC220-221SPP_Cover-238x294.png",,,
"116","Class 57 Sound Pack (Pro)","AP_Class_57_Sound_Pack_(Pro).zip","APC57SPP_Cover-238x294.png",,,
"119","Class 90/Mk3 DVT Pack","AP_Class_90-Mk3_DVT_Pack.zip","APC90DVT_Cover-238x294.png",,"Class_90-Mk3_DVT_Pack_Extra_Stock.zip",
"122","Class 455 Sound Pack","AP_Class_455_Sound_Pack.zip","APC455SP_Cover-238x294.png",,"AP_Class_455_Enhancement_Pack_Vol_1_Extra_Stock.zip",
"125","Class 321 Electric Multiple Unit Pack","AP_Class_321_EMU_Pack.zip","APC321_Cover-238x294.png",,"Class_321_EMU_Pack_Extra_Stock.zip","AP_Class_321_EMU_Livery_Pack.zip"
"129","Class 150/153/156 Sound Pack (Pro)","AP_Class_150-153-156_Sound_Pack_(Pro).zip","APC150SPP_Cover-238x294.png",,,
"132","Mk2F DBSO Coach Pack","AP_Mk2F_DBSO_Coach_Pack.zip","APMK2FDBSO_Cover-238x294.png",,,
"134","Class 92 Sound Pack","AP_Class_92_Sound_Pack.zip","APC92SP_Cover-238x294.png",,"Class_92_Sound_Pack_Extra_Stock.zip",
"136","Class 90 (Freightliner) Pack","AP_Class_90_(Freightliner)_Pack.zip","APC90FL_Cover-238x294.png","AP_Class_350_Enhancement_Pack_Branding_Patch.zip","Class_90_(Freightliner)_Pack_Extra_Stock.zip",
"137","Class 52 Sound Pack (Pro)","AP_Class_52_Sound_Pack_(Pro).zip","APC52SPP_Cover-238x294.png",,"Class_52_Sound_Pack_(Pro)_Extra_Stock.zip",
"138","Class 101/117/121 Sound Pack (Pro)","AP_Class_101-117-121_Sound_Pack_(Pro).zip","APC101SPP_Cover-238x294.png",,,
"139","Class 40 Locomotive Pack","AP_Class_40_Locomotive_Pack.zip","APC40_Cover-238x294.png",,"Class_40_Locomotive_Pack_Extra_Stock.zip",
"140","Class 303 Sound Pack","AP_Class_303_Sound_Pack.zip","APC303SP_Cover-238x294.png",,,
"141","Class 456 Electric Multiple Unit Pack","AP_Class_456_EMU_Pack.zip","APC456_Cover-238x294.png",,"Class_456_EMU_Pack_Extra_Stock.zip","Class_456_EMU_Pack_Branding_Patch.zip"
"143","Wherry Lines","AP_Wherry_Lines_Route_Pack.zip","APWL_Cover-238x294.png","AP_Wherry_Lines_Route_Pack_Branding_Patch.zip","Wherry_Lines_Route_Pack_Extra_Stock.zip",
"146","Class 442 Sound Pack (Pro)","AP_Class_442_Sound_Pack_(Pro).zip","APC442SPP_Cover-238x294.png",,,
"148","Class 205 Diesel Electric Multiple Unit Pack","AP_Class_205_DEMU_Pack.zip","APC205_Cover-238x294.png",,"Class_205_DEMU_Pack_Extra_Stock.zip",
"149","Class 313 Electric Multiple Unit Pack","AP_Class_313_EMU_Pack.zip","APC313_Cover-238x294.png","AP_Class_313_EMU_Pack_Branding_Patch.zip",,
"150","Class 91/Mk4 Enhancement Pack","AP_Class_91-Mk4_Enhancement_Pack.zip","APC91EP_Cover-238x294.png",,,
"151","Mk2D-F Coach Pack","AP_Mk2D-F_Coach_Pack.zip","APMK2D-F_Cover-238x294.png","AP_Mk2D-F_Coach_Pack_Branding_Patch.zip",,
"152","Class 175 Enhancement Pack","AP_Class_175_Enhancement_Pack.zip","APC175EP_Cover-238x294.png","AP_Class_175_Enhancement_Pack_Branding_Patch.zip","AP_Class_175_Enhancement_Pack_Extra_Stock.zip",
"153","Class 43 (MTU)/Mk3 Enhancement Pack","AP_Class_43_(MTU)-Mk3_Enhancement_Pack.zip","APC43MTUEP_Cover-238x294.png","AP_Class_43_(MTU)-Mk3_Enhancement_Pack_Branding_Patch.zip","AP_Class_43_(MTU)-Mk3_Enhancement_Pack_Extra_Stock.zip",
"154","Class 43 (Valenta)/Mk3 Enhancement Pack","AP_Class_43_(Valenta)-Mk3_Enhancement_Pack.zip","APC43VALEP_Cover-238x294.png","AP_Class_43_(Valenta)-Mk3_Enhancement_Pack_Branding_Patch.zip","AP_Class_43_(Valenta)-Mk3_Enhancement_Pack_Extra_Stock.zip",
"155","Wagon (4 Wheel) Sound Pack","AP_Wagon_(4_Wheel)_Sound_Pack.zip","APWAG4SP_Cover-238x294.png",,,
"156","HKA/JMA Wagon Pack","AP_HKA-JMA_Wagon_Pack.zip","APHKA-JMA_Cover-238x294.png","AP_HKA-JMA_Wagon_Pack_Branding_Patch.zip",,
"157","Class 66 Enhancement Pack","AP_Class_66_Enhancement_Pack.zip","APC66EP_Cover-238x294.png","AP_Class_66_Enhancement_Pack_Branding_Patch.zip","AP_Class_66_Enhancement_Pack_Extra_Stock.zip",
"158","Class 43 (VP185)/Mk3 Enhancement Pack","AP_Class_43_(VP185)-Mk3_Enhancement_Pack.zip","APC43VPEP_Cover-238x294.png","AP_Class_43_(VP185)-Mk3_Enhancement_Pack_Branding_Patch.zip",,
"160","Class 150/1 Enhancement Pack","AP_Class_150-1_Enhancement_Pack.zip","APC150-1EP_Cover-238x294.png","AP_Class_150-1_Enhancement_Pack_Branding_Patch.zip",,
"162","JNA-C Wagon Pack","AP_JNA-C_Wagon_Pack.zip","APJNAC_Cover-238x294.png","AP_JNA-C_Wagon_Pack_Branding_Patch.zip",,
"163","Class 56 Enhancement Pack","AP_Class_56_Enhancement_Pack.zip","APC56EP_Cover-238x294.png","AP_Class_56_Enhancement_Pack_Branding_Patch.zip","AP_Class_56_Enhancement_Pack_Extra_Stock.zip",
"164","Class 150/2 Diesel Multiple Unit Pack","AP_Class_150-2_DMU_Pack.zip","APC150-2_Cover-238x294.png","AP_Class_150-2_DMU_Pack_Branding_Patch.zip","AP_Class_150-2_DMU_Pack_Extra_Stock.zip",
"166","Class 158 (Perkins) Enhancement Pack","AP_Class_158_(Perkins)_Enhancement_Pack.zip","APC158PEP_Cover-238x294.png","AP_Class_158_(Perkins)_Enhancement_Pack_Branding_Patch.zip","AP_Class_158_(Perkins)_Enhancement_Pack_Extra_Stock.zip",
"167","Wagon (Flat) Sound Pack","AP_Wagon_(Flat)_Sound_Pack.zip","APWAGFSP_Cover-238x294.png",,,
"168","Class 168/170/171 Enhancement Pack","AP_Class_168-170-171_Enhancement_Pack.zip","APC170EP_Cover-238x294.png","AP_Class_168-170-171_Enhancement_Pack_Branding_Patch.zip","AP_Class_168-170-171_Enhancement_Pack_Extra_Stock.zip",
"169","Class 319 Electric Multiple Unit Pack Vol. 1","AP_Class_319_EMU_Pack_Vol_1.zip","APC319V1_Cover-238x294.png","AP_Class_319_EMU_Pack_Vol_1_Branding_Patch.zip",,
"170","JPA Wagon Pack","AP_JPA_Wagon_Pack.zip","APJPA_Cover-238x294.png","AP_JPA_Wagon_Pack_Branding_Patch.zip",,
"171","Class 314/315 Electric Multiple Unit Pack","AP_Class_314-315_EMU_Pack.zip","APC314-315_Cover-238x294.png","AP_Class_314-315_EMU_Pack_Branding_Patch.zip","AP_Class_314-315_EMU_Pack_Extra_Stock.zip",
"172","Class 158/159 (Cummins) Enhancement Pack","AP_Class_158-159_(Cummins)_Enhancement_Pack.zip","APC158CEP_Cover-238x294.png","AP_Class_158-159_(Cummins)_Enhancement_Pack_Branding_Patch.zip","AP_Class_158-159_(Cummins)_Enhancement_Pack_Extra_Stock.zip",
"174","Class 390 Sound Pack","AP_Class_390_Sound_Pack.zip","APC390SP_Cover-238x294.png",,,
"175","MGR Wagon Pack","AP_MGR_Wagon_Pack.zip","APMGR_Cover-238x294.png",,,
"176","Track Enhancement Pack","AP_Track_Enhancement_Pack.zip","APTEP_Cover-238x294.png",,,
"177","Class 444/450 Enhancement Pack","AP_Class_444-450_Enhancement_Pack.zip","APC444-450EP_Cover-238x294.png","AP_Class_444-450_Enhancement_Pack_Branding_Patch.zip",,
"178","Class 350 Enhancement Pack","AP_Class_350_Enhancement_Pack.zip","APC350EP_Cover-238x294.png",,,
"179","Class 31 Enhancement Pack","AP_Class_31_Enhancement_Pack.zip","APC31EP_Cover-238x294.png","AP_Class_31_Enhancement_Pack_Branding_Patch.zip","AP_Class_31_Enhancement_Pack_Extra_Stock.zip",
"180","Mk2A-C Coach Pack","AP_MK2A-C_Coach_Pack.zip","APMK2A-C_Cover-238x294.png","AP_Mk2A-C_Coach_Pack_Branding_Patch.zip",,
"181","Sky & Weather Enhancement Pack","AP_Sky_and_Weather_Enhancement_Pack.zip","APSWEP_Cover-238x294.png",,,
"182","Class 68 Enhancement Pack","AP_Class_68_Enhancement_Pack.zip","APC68EP_Cover-238x294.png","AP_Class_68_Enhancement_Pack_Branding_Patch.zip","AP_Class_68_Enhancement_Pack_Extra_Stock.zip",
"183","Class 319 Electric Multiple Unit Pack Vol. 2","AP_Class_319_EMU_Pack_Vol_2.zip","APC319V2_Cover-238x294.png","AP_Class_319_EMU_Pack_Vol_2_Branding_Patch.zip","AP_Class_319_EMU_Pack_Vol_2_Extra_Stock.zip",
"184","Class 37 Locomotive Pack Vol. 1","AP_Class_37_Locomotive_Pack_Vol_1.zip","APC37V1_Cover-238x294.png","AP_Class_37_Locomotive_Pack_Vol_1_Branding_Patch.zip","AP_Class_37_Locomotive_Pack_Vol_1_Extra_Stock.zip",
"186","Wagon (Modern) Sound Pack","AP_Wagon_(Modern)_Sound_Pack.zip","APWAGMSP_Cover-238x294.png",,,
"187","TDA-D Wagon Pack","AP_TDA-D_Wagon_Pack.zip","APTDAD_Cover-238x294.png","AP_TDA-D_Wagon_Pack_Branding_Patch.zip",,
"188","Class 67 Enhancement Pack","AP_Class_67_Enhancement_Pack.zip","APC67EP_Cover-238x294.png","AP_Class_67_Enhancement_Pack_Branding_Patch.zip","AP_Class_67_Enhancement_Pack_Extra_Stock.zip",
"189","Class 365 Enhancement Pack","AP_Class_365_Enhancement_Pack.zip","APC365EP_Cover-238x294.png","AP_Class_365_Enhancement_Pack_Branding_Patch.zip",,
"190","Class 156 Diesel Multiple Unit Pack","AP_Class_156_DMU_Pack.zip","APC156_Cover-238x294.png","AP_Class_156_DMU_Pack_Branding_Patch.zip","AP_Class_156_DMU_Pack_Extra_Stock.zip",
"191","Class 465/466 Enhancement Pack Vol. 1","AP_Class_465-466_Enhancement_Pack_Vol_1.zip","APC465EPV1_Cover-238x294.png","AP_Class_465-466_Enhancement_Pack_Vol_1_Branding_Patch.zip","AP_Class_465-466_Enhancement_Pack_Vol_1_Extra_Stock.zip",
"193","Class 50 Locomotive Pack","AP_Class_50_Locomotive_Pack.zip","APC50_Cover-238x294.png",,"AP_Class_50_Locomotive_Pack_Extra_Stock.zip",
"194","Mk1 Coach Pack Vol. 1","AP_Mk1_Coach_Pack_Vol_1.zip","APMK1V1_Cover-238x294.png","AP_Mk1_Coach_Pack_Vol_1_Branding_Patch.zip",,
"195","FSA/FTA Wagon Pack","AP_FSA-FTA_Wagon_Pack.zip","APFSA_Cover-238x294.png","AP_FSA-FTA_Wagon_Pack_Branding_Patch.zip",,
"196","Class 86 Enhancement Pack","AP_Class_86_Enhancement_Pack.zip","APC86EP_Cover-238x294.png","AP_Class_86_Enhancement_Pack_Branding_Patch.zip","AP_Class_86_Enhancement_Pack_Extra_Stock.zip",
"197","Class 375/377 Enhancement Pack","AP_Class_375-377_Enhancement_Pack.zip","APC375EP_Cover-238x294.png","AP_Class_375-377_Enhancement_Pack_Branding_Patch.zip","AP_Class_375-377_Enhancement_Pack_Extra_Stock.zip",
"198","Class 37 Locomotive Pack Vol. 2","AP_Class_37_Locomotive_Pack_Vol_2.zip","APC37V2_Cover-238x294.png","AP_Class_37_Locomotive_Pack_Vol_2_Branding_Patch.zip","AP_Class_37_Locomotive_Pack_Vol_2_Extra_Stock.zip",
"199","Class 317 Electric Multiple Unit Pack Vol. 1","AP_Class_317_EMU_Pack_Vol_1.zip","APC317V1_Cover-238x294.png","AP_Class_317_EMU_Pack_Vol_1_Branding_Patch.zip","AP_Class_317_EMU_Pack_Vol_1_Extra_Stock.zip",
"200","Class 411/412 Electric Multiple Unit Pack","AP_Class_411-412_EMU_Pack.zip","APC411_Cover-238x294.png",,,
"201","Class 175 Enhancement Pack 2.0","AP_Class_175_Enhancement_Pack_2.0.zip","APC175EPV2_Cover-238x294.png","AP_Class_175_Enhancement_Pack_2.0_Branding_Patch.zip","AP_Class_175_Enhancement_Pack_2.0_Extra_Stock.zip",
"202","Wagon (Old) Sound Pack","AP_Wagon_(Old)_Sound_Pack.zip","APWAGOSP_Cover-238x294.png",,,
"203","Class 325 Enhancement Pack","AP_Class_325_Enhancement_Pack.zip","APC325EP_Cover-238x294.png","AP_Class_325_Enhancement_Pack_Branding_Patch.zip",,
"204","Class 455 Enhancement Pack Vol. 1","AP_Class_455_Enhancement_Pack_Vol_1.zip","APC455EPV1_Cover-238x294.png",,,
"205","Class 455 Enhancement Pack Vol. 2","AP_Class_455_Enhancement_Pack_Vol_2.zip","APC455EPV2_Cover-238x294.png","AP_Class_455_Enhancement_Pack_Vol_2_Branding_Patch.zip",,
"206","Class 377/379/387 Enhancement Pack","AP_Class_377-379-387_Enhancement_Pack.zip","APC387EP_Cover-238x294.png","AP_Class_377-379-387_Enhancement_Pack_Branding_Patch.zip",,
"207","Class 465/466 Enhancement Pack Vol. 2","AP_Class_465-466_Enhancement_Pack_Vol_2.zip","APC465EPV2_Cover-238x294.png","AP_Class_465-466_Enhancement_Pack_Vol_2_Branding_Patch.zip",,
"208","JGA-K/PHA Wagon Pack","AP_JGA-K-PHA_Wagon_Pack.zip","APJGA-K-PHA_Cover-238x294.png","AP_JGA-K-PHA_Wagon_Pack_Branding_Patch.zip",,
"209","Class 800-803 Enhancement Pack","AP_Class_800-803_Enhancement_Pack.zip","APC800EP_Cover-238x294.png","AP_Class_800-803_Enhancement_Pack_Branding_Patch.zip",,
"210","Class 700/707/717 Enhancement Pack","AP_Class_700-707-717_Enhancement_Pack.zip","APC700EP_Cover-238x294.png","AP_Class_700-707-717_Enhancement_Pack_Branding_Patch.zip",,
"211","Wherry Lines 2.0","AP_Wherry_Lines_Route_Pack_2.0.zip","APWLV2_Cover-238x294.png",,"AP_Wherry_Lines_Route_Pack_2.0_Extra_Stock.zip",
"212","Wherry Lines 2.0 Upgrade","AP_Wherry_Lines_Route_Pack_2.0_Upgrade.zip","APWLV2_Cover-238x294.png",,"AP_Wherry_Lines_Route_Pack_2.0_Extra_Stock.zip",
"213","JTA/JUA/PTA Wagon Pack","AP_JTA-JUA-PTA_Wagon_Pack.zip","APJTA_Cover-238x294.png","AP_JTA-JUA-PTA_Wagon_Pack_Branding_Patch.zip",,
"214","Mk3A-B Coach Pack","AP_Mk3A-B_Coach_Pack.zip","APMK3A-B_Cover-238x294.png","AP_Mk3A-B_Coach_Pack_Branding_Patch.zip",,
"215","JSA Wagon Pack","AP_JSA_Wagon_Pack.zip","APJSA_Cover-238x294.png","AP_JSA_Wagon_Pack_Branding_Patch.zip","AP_JSA_Wagon_Pack_Extra_Stock.zip",
"216","ICA-D Wagon Pack","AP_ICA-D_Wagon_Pack.zip","APICAD_Cover-238x294.png","AP_ICA-D_Wagon_Pack_Branding_Patch.zip","AP_ICA-D_Wagon_Pack_Extra_Stock.zip",
"217","TIA-Y Wagon Pack
","AP_TIA-Y_Wagon_Pack.zip","APTIAY_Cover-238x294.png",,,
"218","Class 87 Locomotive Pack","AP_Class_87_Locomotive_Pack.zip","APC87_Cover-238x294.png","AP_Class_87_Locomotive_Pack_Branding_Patch.zip","AP_Class_87_Locomotive_Pack_Extra_Stock.zip",
"219","TTA Wagon Pack Vol. 1","AP_TTA_Wagon_Pack_Vol_1.zip","APTTAV1_Cover-238x294.png","AP_TTA_Wagon_Pack_Vol_1_Branding_Patch.zip",,
"220","MFA/MHA/MTA Wagon Pack","AP_MFA-MHA-MTA_Wagon_Pack.zip","APMFA_Cover-238x294.png","AP_MFA-MHA-MTA_Wagon_Pack_Branding_Patch.zip",,
"221","MEA/PNA-F Wagon Pack","AP_MEA-PNA-F_Wagon_Pack.zip","APMEA_Cover-238x294.png","AP_MEA-PNA-F_Wagon_Pack_Branding_Patch.zip",,
"222","MKA/POA/ZKA Wagon Pack","AP_MKA-POA-ZKA_Wagon_Pack.zip","APMKA_Cover-238x294.png","AP_MKA-POA-ZKA_Wagon_Pack_Branding_Patch.zip",,
"223","TTA Wagon Pack Vol. 2","AP_TTA_Wagon_Pack_Vol_2.zip","APTTAV2_Cover-238x294.png","AP_TTA_Wagon_Pack_Vol_2_Branding_Patch.zip",,
"224","Signal Enhancement Pack","AP_Signal_Enhancement_Pack.zip","APSEP_Cover-238x294.png",,,
"227","Class 317 Electric Multiple Unit Pack Vol. 2","AP_Class_317_EMU_Pack_Vol_2.zip","APC317V2_Cover-238x294.png","AP_Class_317_EMU_Pack_Vol_2_Branding_Patch.zip",,
"228","Class 142 Diesel Multiple Unit Pack 2.0","AP_Class_142_DMU_Pack_2.0.zip","APC142V2_Cover-238x294.png","AP_Class_142_DMU_Pack_2.0_Extra_Stock.zip","AP_Class_142_DMU_Pack_2.0_Extra_Stock.zip",
