ProductID,Name,Filename,ImageName
2,AP_Lighting_Effects_Enhancement_Pack.zip,APLEE_Cover-238x294.png
3,BAA/BZA Wagon Pack,AP_BAA-BZA_Wagon_Pack.zip,APBAA-BZA_Cover-238x294.png
4,AP_Valenta_Sound_Pack_RW.zip,APC43VALSP_Cover-238x294.png
9,AP_Station_Lighting_Enhancement_Pack_(UK_DLC).zip,APSLP2_Cover-238x294.png
10,AP_Class_158-159_Sound_Pack.zip,APC158-159SP_Cover-238x294.png
11,AP_Class_150-153_Sound_Pack.zip,APC150-153SP_Cover-238x294.png
13,AP_Class_166_Sound_Pack_RW.zip,APC166SP_Cover-238x294.png
18,AP_Class_37_Sound_Pack_(Pro).zip,APC37SPP_Cover-238x294.png
19,AP_Class_37_Sound_Pack_RW.zip,APC37SP_Cover-238x294.png
20,AP_Class_37-9_Sound_Pack_RW.zip,APC37-9SP_Cover-238x294.png
21,AP_Class_40_Sound_Pack_RW.zip,APC40SP_Cover-238x294.png
22,Class 421 Sound Pack,AP_Class_421_Sound_Pack.zip,APC421-423SP_Cover-238x294.png
24,AP_Class_47_Sound_Pack_RW.zip,APC47SP_Cover-238x294.png
25,AP_Class_50_Sound_Pack_RW.zip,APC50SP_Cover-238x294.png
26,AP_Class_66_Sound_Pack.zip,APC66SP_Cover-238x294.png
27,AP_Class_86-87_Sound_Pack_(Pro).zip,APC86-87SPP_Cover-238x294.png
30,HHA Wagon Pack,AP_HHA_Wagon_Pack.zip,APHHA_Cover-238x294.png
31,HIA Wagon Pack,AP_HIA_Wagon_Pack.zip,APHIA_Cover-238x294.png
33,AP_Mk1_Coach_Sound_Pack_RW.zip,APMK1SP_Cover-238x294.png
34,AP_Mk1-2_Sound_Pack.zip,APMK1-2SP_Cover-238x294.png
36,MK3 Coach Sound Pack,AP_Mk3_Coach_Sound_Pack_RW.zip,APMK3SP_Cover-238x294.png
38,AP_MTU_Sound_Pack_RW.zip,APC43MTUSP_Cover-238x294.png
42,AP_VP185_Sound_Pack_RW.zip,APC43VPSP_Cover-238x294.png
45,AP_Wagon_Sound_Pack_RW2.zip,APWSP_Cover-238x294.png
49,AP1_Paddington_to_Oxford_Scenario_Pack_(Variety)_RW.zip,AP1_Cover-238x294.png
51,AP11_Scenario_Pack.zip,AP11_Cover-238x294.png
59,AP19_Edinburgh_to_Glasgow_Scenario_Pack_(Modern).zip,AP19_Cover-238x294.png
61,AP2_Paddington_to_Oxford_Scenario_Pack_(Intercity-NSE_Era)_RW.zip,AP2_Cover-238x294.png
67,AP25_Scottish_East_Coast_Main_Line_Scenario_Pack_(1999-2002).zip,AP25_Cover-238x294.png
69,AP3_Paddington_to_Oxford_Scenario_Pack_(Freight)_RW.zip,AP3_Cover-238x294.png
71,AP4_Newcastle_to_York_Scenario_Pack_(Passenger)_RW.zip,AP4_Cover-238x294.png
73,AP5_Newcastle_to_York_Scenario_Pack_(Freight)_RW.zip,AP5_Cover-238x294.png
74,AP6_Class_37_Scenario_Pack.zip,AP6_Cover-238x294.png
76,AP7-8_Newcastle_to_York_(Modern)_-_Scenario_Pack.zip,AP7-8_Cover-238x294.png
79,AP26_Settle_to_Carlisle_Scenario_Pack_(2004).zip,AP26_Cover-238x294.png
80,AP_Class_40_Sound_Pack_(Pro).zip,APC40SPP_Cover-238x294.png
81,AP_Class_50_Sound_Pack_(Pro).zip,APC50SPP_Cover-238x294.png
82,JHA Wagon Pack,AP_JHA_Wagon_Pack.zip,APJHA_Cover-238x294.png
83,AP27_London_to_Brighton_Scenario_Pack_(1999-2005).zip,AP27_Cover-238x294.png
92,AP_Class_375-377_Sound_Pack.zip,APC375-377SP_Cover-238x294.png
96,AP_Class_43_(MTU)_Sound_Pack_(Pro).zip,APC43MTUSPP_Cover-238x294.png
97,Class 142 Diesel Multiple Unit Pack,AP_Class_142_DMU_Pack.zip,APC142_Cover-238x294.png
100,Class 47 Sound Pack (Pro),AP_Class_47_Sound_Pack_(Pro).zip,APC47SPP_Cover-238x294.png
101,Class 33 Sound Pack (Pro),AP_Class_33_Sound_Pack_(Pro).zip,APC33SPP_Cover-238x294.png
103,AP_Mk1_Coach_Pack.zip,APMK1_Cover-238x294.png
104,AP_Mk2E_Coach_Pack.zip,APMK2E_Cover-238x294.png
105,AP29_London_to_Brighton_Scenario_Pack_(2012).zip,AP29_Cover-238x294.png
106,Class 55 Sound Pack (Pro),AP_Class_55_Sound_Pack_(Pro).zip,APC55SPP_Cover-238x294.png
107,Class 20 Sound Pack (Pro),AP_Class_20_Sound_Pack_(Pro).zip,APC20SPP_Cover-238x294.png
108,AP30_Edinburgh_to_Glasgow_Scenario_Pack_(1998-2003).zip,AP30_Cover-238x294.png
109,AP31_London_to_Faversham_Scenario_Pack_(1999-2004).zip,AP31_Cover-238x294.png
110,AP32_London_to_Faversham_Scenario_Pack_(2012-13).zip,AP32_Cover-238x294.png
111,AP33_London_to_Brighton_Scenario_Pack (1987-1992).zip,AP33_Cover-238x294.png
112,JXA/POA Wagon Pack,AP_JXA-POA_Wagon_Pack.zip,APJXA-POA_Cover-238x294.png
114,Class 220/221/222 Sound Pack (Pro),AP_Class_220-221_Sound_Pack_(Pro).zip,APC220-221SPP_Cover-238x294.png
115,AP_Class_465-466_MC_Sound_Pack.zip,APC465-466MCSP_Cover-238x294.png
116,Class 57 Sound Pack (Pro),AP_Class_57_Sound_Pack_(Pro).zip,APC57SPP_Cover-238x294.png
117,AP34_Buffer_Puffer_Railtour_Scenario_Pack.zip,AP34_Cover-238x294.png
118,AP_Class_37-9_(Mirrlees)_Sound_Pack_(Pro).zip,APC37MSPP_Cover-238x294.png
119,Class 90/Mk3 DVT Pack,AP_Class_90-Mk3_DVT_Pack.zip,APC90DVT_Cover-238x294.png
120,AP_Class_360-444-450_Sound_Pack.zip,APC360SP_Cover-238x294.png
121,AP_Class_31_Sound_Pack_(Pro).zip,APC31SPP_Cover-238x294.png
122,Class 455 Sound Pack,AP_Class_455_Sound_Pack.zip,APC455SP_Cover-238x294.png
123,AP_Class_60_Sound_Pack_(Pro).zip,APC60SPP_Cover-238x294.png
125,Class 321 Electric Multiple Unit Pack,AP_Class_321_EMU_Pack.zip,APC321_Cover-238x294.png
126,AP36_ECML_London_to_Peterborough_Scenario_Pack_(Passenger).zip,AP36_Cover-238x294.png
127,AP37_ECML_London_to_Peterborough_Scenario_Pack_(Freight).zip,AP37_Cover-238x294.png
128,AP38_Riviera_Line_Scenario_Pack_(BR_1980s).zip,AP38_Cover-238x294.png
129,AP_Class_150-153-156_Sound_Pack_(Pro).zip,APC150SPP_Cover-238x294.png
130,AP39_WCML_Over_Shap_Scenario_Pack_(Freight).zip,AP39_Cover-238x294.png
131,AP_Class_319-325_Sound Pack.zip,APC319-325SP_Cover-238x294.png
132,Mk2F DBSO Coach Pack,AP_Mk2F_DBSO_Coach_Pack.zip,APMK2FDBSO_Cover-238x294.png
133,AP40_GEML_Scenario_Pack_(Passenger_1998-2004).zip,AP40_Cover-238x294.png
134,Class 92 Sound Pack,AP_Class_92_Sound_Pack.zip,APC92SP_Cover-238x294.png
135,AP41_Riviera Line_Scenario Pack_(2011-2014).zip,AP41_Cover-238x294.png
136,Class 90 (Freightliner) Pack,AP_Class_90_(Freightliner)_Pack.zip,APC90FL_Cover-238x294.png
137,Class 52 Sound Pack (Pro),AP_Class_52_Sound_Pack_(Pro).zip,APC52SPP_Cover-238x294.png
138,Class 101/117/121 Sound Pack (Pro),AP_Class_101-117-121_Sound_Pack_(Pro).zip,APC101SPP_Cover-238x294.png
139,AP_Class_40_Locomotive_Pack.zip,APC40_Cover-238x294.png
140,Class 303 Sound Pack,AP_Class_303_Sound_Pack.zip,APC303SP_Cover-238x294.png
141,Class 456 Electric Multiple Unit Pack,AP_Class_456_EMU_Pack.zip,APC456_Cover-238x294.png
142,AP_Class_66_Sound_Pack_(Pro).zip,APC66SPP_Cover-238x294.png
143,Wherry Lines,AP_Wherry_Lines_Route_Pack.zip,APWL_Cover-238x294.png
144,AP42_Wherry_Lines_Scenario_Pack_(2015).zip,AP42_Cover-238x294.png
145,AP_Class_67_Sound_Pack_(Pro).zip,APC67SPP_Cover-238x294.png
146,Class 442 Sound Pack (Pro),AP_Class_442_Sound_Pack_(Pro).zip,APC442SPP_Cover-238x294.png
147,AP43_Wherry_Lines_Scenario_Pack_(2014-2015).zip,AP43_Cover-238x294.png
148,Class 205 Diesel Electric Multiple Unit Pack,AP_Class_205_DEMU_Pack.zip,APC205_Cover-238x294.png
149,Class 313 Electric Multiple Unit Pack,AP_Class_313_EMU_Pack.zip,APC313_Cover-238x294.png
150,Class 91/Mk4 Enhancement Pack,AP_Class_91-Mk4_Enhancement_Pack.zip,APC91EP_Cover-238x294.png
151,Mk2D-F Coach Pack,AP_Mk2D-F_Coach_Pack.zip,APMK2D-F_Cover-238x294.png
152,AP_Class_175_Enhancement_Pack.zip,APC175EP_Cover-238x294.png
153,Class 43 (MTU)/Mk3 Enhancement Pack,AP_Class_43_(MTU)-Mk3_Enhancement_Pack.zip,APC43MTUEP_Cover-238x294.png
154,Class 43 (Valenta)/Mk3 Enhancement Pack,AP_Class_43_(Valenta)-Mk3_Enhancement_Pack.zip,APC43VALEP_Cover-238x294.png
155,Wagon (4 Wheel) Sound Pack,AP_Wagon_(4_Wheel)_Sound_Pack.zip,APWAG4SP_Cover-238x294.png
156,HKA/JMA Wagon Pack,AP_HKA-JMA_Wagon_Pack.zip,APHKA-JMA_Cover-238x294.png
157,Class 66 Enhancement Pack,AP_Class_66_Enhancement_Pack.zip,APC66EP_Cover-238x294.png
158,Class 43 (VP185)/Mk3 Enhancement Pack,AP_Class_43_(VP185)-Mk3_Enhancement_Pack.zip,APC43VPEP_Cover-238x294.png
160,Class 150/1 Enhancement Pack,AP_Class_150-1_Enhancement_Pack.zip,APC150-1EP_Cover-238x294.png
161,AP44_Wherry_Lines_Scenario_Pack_(2016).zip,AP44_Cover-238x294.png
162,JNA-C Wagon Pack,AP_JNA-C_Wagon_Pack.zip,APJNAC_Cover-238x294.png
163,Class 56 Enhancement Pack,AP_Class_56_Enhancement_Pack.zip,APC56EP_Cover-238x294.png
164,Class 150/2 Diesel Multiple Unit Pack,AP_Class_150-2_DMU_Pack.zip,APC150-2_Cover-238x294.png
165,AP_Route_Stability_Enhancement_Pack.zip,APRSE_Cover-238x294.png
166,Class 158 (Perkins) Enhancement Pack,AP_Class_158_(Perkins)_Enhancement_Pack.zip,APC158PEP_Cover-238x294.png
167,Wagon (Flat) Sound Pack,AP_Wagon_(Flat)_Sound_Pack.zip,APWAGFSP_Cover-238x294.png
168,Class 168/170/171 Enhancement Pack,AP_Class_168-170-171_Enhancement_Pack.zip,APC170EP_Cover-238x294.png
169,Class 319 Electric Multiple Unit Pack Vol. 1,AP_Class_319_EMU_Pack_Vol_1.zip,APC319V1_Cover-238x294.png
170,JPA Wagon Pack,AP_JPA_Wagon_Pack.zip,APJPA_Cover-238x294.png
171,Class 314/315 Electric Multiple Unit Pack,AP_Class_314-315_EMU_Pack.zip,APC314-315_Cover-238x294.png
172,Class 158/159 (Cummins) Enhancement Pack,AP_Class_158-159_(Cummins)_Enhancement_Pack.zip,APC158CEP_Cover-238x294.png
174,Class 390 Sound Pack,AP_Class_390_Sound_Pack.zip,APC390SP_Cover-238x294.png
175,MGR Wagon Pack,AP_MGR_Wagon_Pack.zip,APMGR_Cover-238x294.png
176,Track Enhancement Pack,AP_Track_Enhancement_Pack.zip,APTEP_Cover-238x294.png
177,Class 444/450 Enhancement Pack,AP_Class_444-450_Enhancement_Pack.zip,APC444-450EP_Cover-238x294.png
178,Class 350 Enhancement Pack,AP_Class_350_Enhancement_Pack.zip,APC350EP_Cover-238x294.png
179,Class 31 Enhancement Pack,AP_Class_31_Enhancement_Pack.zip,APC31EP_Cover-238x294.png
180,Mk2A-C Coach Pack,AP_MK2A-C_Coach_Pack.zip,APMK2A-C_Cover-238x294.png
181,Sky & Weather Enhancement Pack,AP_Sky_and_Weather_Enhancement_Pack.zip,APSWEP_Cover-238x294.png
182,Class 68 Enhancement Pack,AP_Class_68_Enhancement_Pack.zip,APC68EP_Cover-238x294.png
183,Class 319 Electric Multiple Unit Pack Vol. 2,AP_Class_319_EMU_Pack_Vol_2.zip,APC319V2_Cover-238x294.png
184,Class 37 Locomotive Pack Vol. 1,AP_Class_37_Locomotive_Pack_Vol_1.zip,APC37V1_Cover-238x294.png
186,Wagon (Modern) Sound Pack,AP_Wagon_(Modern)_Sound_Pack.zip,APWAGMSP_Cover-238x294.png
187,TDA-D Wagon Pack,AP_TDA-D_Wagon_Pack.zip,APTDAD_Cover-238x294.png
188,Class 67 Enhancement Pack,AP_Class_67_Enhancement_Pack.zip,APC67EP_Cover-238x294.png
189,Class 365 Enhancement Pack,AP_Class_365_Enhancement_Pack.zip,APC365EP_Cover-238x294.png
190,Class 156 Diesel Multiple Unit Pack,AP_Class_156_DMU_Pack.zip,APC156_Cover-238x294.png
191,Class 465/466 Enhancement Pack Vol. 1,AP_Class_465-466_Enhancement_Pack_Vol_1.zip,APC465EPV1_Cover-238x294.png
192,AP_Class_50_Locomotive_Pack.zip,APC50_Cover-238x294.png
193,Class 50 Locomotive Pack,AP_Class_50_Locomotive_Pack.zip,APC50_Cover-238x294.png
194,Mk1 Coach Pack Vol. 1,AP_Mk1_Coach_Pack_Vol_1.zip,APMK1V1_Cover-238x294.png
195,FSA/FTA Wagon Pack,AP_FSA-FTA_Wagon_Pack.zip,APFSA_Cover-238x294.png
196,Class 86 Enhancement Pack,AP_Class_86_Enhancement_Pack.zip,APC86EP_Cover-238x294.png
197,Class 375/377 Enhancement Pack,AP_Class_375-377_Enhancement_Pack.zip,APC375EP_Cover-238x294.png
198,Class 37 Locomotive Pack Vol. 2,AP_Class_37_Locomotive_Pack_Vol_2.zip,APC37V2_Cover-238x294.png
199,Class 317 Electric Multiple Unit Pack Vol. 1,AP_Class_317_EMU_Pack_Vol_1.zip,APC317V1_Cover-238x294.png
200,Class 411/412 Electric Multiple Unit Pack,AP_Class_411-412_EMU_Pack.zip,APC411_Cover-238x294.png
201,"Class 175 Enhancement Pack 2.0
",AP_Class_175_Enhancement_Pack_2.0.zip,APC175EPV2_Cover-238x294.png
202,Wagon (Old) Sound Pack,AP_Wagon_(Old)_Sound_Pack.zip,APWAGOSP_Cover-238x294.png
203,Class 325 Enhancement Pack,AP_Class_325_Enhancement_Pack.zip,APC325EP_Cover-238x294.png
204,Class 455 Enhancement Pack Vol. 1,AP_Class_455_Enhancement_Pack_Vol_1.zip,APC455EPV1_Cover-238x294.png
205,Class 455 Enhancement Pack Vol. 2,AP_Class_455_Enhancement_Pack_Vol_2.zip,APC455EPV2_Cover-238x294.png
206,Class 377/379/387 Enhancement Pack,AP_Class_377-379-387_Enhancement_Pack.zip,APC387EP_Cover-238x294.png
207,Class 465/466 Enhancement Pack Vol. 2,AP_Class_465-466_Enhancement_Pack_Vol_2.zip,APC465EPV2_Cover-238x294.png
208,AP_JGA-K-PHA_Wagon_Pack.zip,APJGA-K-PHA_Cover-238x294.png
209,AP_Class_800-803_Enhancement_Pack.zip,APC800EP_Cover-238x294.png
