ProductID,Name,Filename,Link
0,AP_Class_150-1_Enhancement_Pack_Branding_Patch.zip,,
0,AP_Class_158-159_(Cummins)_Enhancement_Pack_Branding_Patch.zip,,
0,AP_Class_158_(Perkins)_Enhancement_Pack_Branding_Patch.zip,,
0,AP_Class_168-170-171_Enhancement_Pack_Branding_Patch.zip,,
0,AP_Class_175_Enhancement_Pack_2.0_Branding_Patch.zip,,
0,AP_Class_325_Enhancement_Pack_Branding_Patch.zip,,
0,AP_Class_350_Enhancement_Pack_Branding_Patch.zip,,
0,AP_Class_365_Enhancement_Pack_Branding_Patch.zip,,
0,AP_Class_375-377_Enhancement_Pack_Branding_Patch.zip,,
0,AP_Class_377-379-387_Enhancement_Pack_Branding_Patch.zip,,
0,AP_Class_444-450_Enhancement_Pack_Branding_Patch.zip,,
0,AP_Class_455_Enhancement_Pack_Vol_2_Branding_Patch.zip,,
0,AP_Class_465-466_Enhancement_Pack_Vol_1_Branding_Patch.zip,,
0,AP_Class_465-466_Enhancement_Pack_Vol_2_Branding_Patch.zip,,
0,AP_Class_800-803_Enhancement_Pack_Branding_Patch.zip,,
,AP_Class_31_Enhancement_Pack_Branding_Patch.zip,,
,AP_Class_43_(MTU)-Mk3_Enhancement_Pack_Branding_Patch.zip,,
,AP_Class_43_(Valenta)-Mk3_Enhancement_Pack_Branding_Patch.zip,,
,AP_Class_43_(VP185)-Mk3_Enhancement_Pack_Branding_Patch.zip,,
,AP_Class_56_Enhancement_Pack_Branding_Patch.zip,,
,AP_Class_66_Enhancement_Pack_Branding_Patch.zip,,
,AP_Class_67_Enhancement_Pack_Branding_Patch.zip,,
,AP_Class_68_Enhancement_Pack_Branding_Patch.zip,,
,AP_Class_86_Enhancement_Pack_Branding_Patch.zip,,
,AP_Mk1_Coach_Pack_Vol_1_Branding_Patch.zip,,
,AP_Mk2A-C_Coach_Pack_Branding_Patch.zip,,
,AP_Mk2D-F_Coach_Pack_Branding_Patch.zip,,
,AP_Class_150-2_DMU_Pack_Branding_Patch.zip,,
,AP_Class_156_DMU_Pack_Branding_Patch.zip,,
,AP_Class_313_EMU_Pack_Branding_Patch.zip,,
,AP_Class_314-315_EMU_Pack_Branding_Patch.zip,,
,AP_Class_317_EMU_Pack_Vol_1_Branding_Patch.zip,,
,AP_Class_319_EMU_Pack_Vol_1_Branding_Patch.zip,,
,AP_Class_319_EMU_Pack_Vol_2_Branding_Patch.zip,,
,https://armstrongpowerhouse.com/free_download/AP_Class_321_EMU_Livery_Pack.zip,,
,https://armstrongpowerhouse.com/free_download/AP_Class_321_EMU_Livery_Pack.zip,,
,https://armstrongpowerhouse.com/free_download/Class_456_EMU_Pack_Branding_Patch.zip,,
,AP_FSA-FTA_Wagon_Pack_Branding_Patch.zip,,
,AP_HKA-JMA_Wagon_Pack_Branding_Patch.zip,,
,AP_JHA_Logo_Patch.zip,,
,AP_JGA-K-PHA_Wagon_Pack_Branding_Patch.zip,,
,AP_JNA-C_Wagon_Pack_Branding_Patch.zip,,
,AP_JPA_Wagon_Pack_Branding_Patch.zip,,
,AP_JXA-POA_Wagon_Pack_Branding_Patch.zip,,
,AP_TDA-D_Wagon_Pack_Branding_Patch.zip,,
,AP_Wherry_Lines_Route_Pack_Branding_Patch.zip,,
,,,
