ProductID,Name,Filename
0,Class 47 Sound Pack (Pro),
1,Class 317 Electric Multiple Unit Pack Vol. 1,
3,BAA/BZA Wagon Pack,
16,Class 150/2 Diesel Multiple Unit Pack,
22,Class 421 Sound Pack,
30,HHA Wagon Pack,
31,HIA Wagon Pack,
82,JHA Wagon Pack,
97,Class 142 Diesel Multiple Unit Pack,
100,Class 47 Sound Pack (Pro),
106,Class 55 Sound Pack (Pro),
107,Class 20 Sound Pack (Pro),
112,JXA/POA Wagon Pack,
114,Class 220/221/222 Sound Pack (Pro),
116,Class 57 Sound Pack (Pro),
119,Class 90/Mk3 DVT Pack,
122,Class 455 Sound Pack,
125,Class 321 Electric Multiple Unit Pack,
132,Mk2F DBSO Coach Pack,
134,Class 92 Sound Pack,
136,Class 90 (Freightliner) Pack,
138,Class 101/117/121 Sound Pack (Pro),
141,Class 456 Electric Multiple Unit Pack,
143,Wherry Lines: Norwich to Great Yarmouth & Lowestoft Route,
146,Class 442 Sound Pack (Pro),
148,Class 205 Diesel Electric Multiple Unit Pack,
149,Class 313 Electric Multiple Unit Pack,
150,Class 91/Mk4 Enhancement Pack,
151,Mk2D-F Coach Pack,
153,Class 43 (MTU)/Mk3 Enhancement Pack,
154,Class 43 (Valenta)/Mk3 Enhancement Pack,
155,Wagon (4 Wheel) Sound Pack,
156,HKA/JMA Wagon Pack,
157,Class 66 Enhancement Pack,
158,Class 43 (VP185)/Mk3 Enhancement Pack,
160,Class 150/1 Enhancement Pack,
162,JNA-C Wagon Pack,
163,Class 56 Enhancement Pack,
166,Class 158 (Perkins) Enhancement Pack,
167,Wagon (Flat) Sound Pack,
168,Class 168/170/171 Enhancement Pack,
169,Class 319 Electric Multiple Unit Pack Vol. 1,
170,JPA Wagon Pack,
171,Class 314/315 Electric Multiple Unit Pack,
172,Class 158/159 (Cummins) Enhancement Pack,
174,Class 390 Sound Pack,
175,MGR Wagon Pack,
176,Sky & Weather Enhancement Pack,
177,Class 444/450 Enhancement Pack,
178,Class 350 Enhancement Pack,
179,Class 31 Enhancement Pack,
180,Mk2A-C Coach Pack,
181,Track Enhancement Pack,
182,Class 68 Enhancement Pack,
183,Class 319 Electric Multiple Unit Pack Vol. 2,
184,Class 37 Locomotive Pack Vol. 1,
187,TDA-D Wagon Pack,
188,Class 67 Enhancement Pack,
189,Class 365 Enhancement Pack,
190,Class 156 Diesel Multiple Unit Pack,
191,Class 465/466 Enhancement Pack Vol. 1,
193,Class 50 Locomotive Pack,
194,Mk1 Coach Pack Vol. 1,
195,FSA/FTA Wagon Pack,
196,Class 86 Enhancement Pack,
197,Class 375/377 Enhancement Pack,
198,Class 37 Locomotive Pack Vol. 2,
201,"Class 175 Enhancement Pack 2.0
",
